Subdirección,Zona,Sucursal,Corte,Plazo,Capital,Interes,Total,Tasa de Ganancia,Vales
Baja Sonora Norte,Baja Norte,Ensenada,02/07/2026,6,91000,18345,109345,20.16%,12
Baja Sonora Norte,Baja Norte,Rosarito,02/07/2026,6,125000,26250,151250,21.00%,17
Baja Sonora Norte,Baja Norte,San Quintin,02/07/2026,6,24000,5040,29040,21.00%,3
Baja Sonora Norte,Baja Norte,Tecate,02/07/2026,6,120000,24150,144150,20.13%,13
Baja Sonora Norte,Baja Norte,Tijuana,02/07/2026,6,162000,33435,195435,20.64%,21
Baja Sonora Norte,Baja Norte,Tijuana 2,02/07/2026,6,154000,31560,185560,20.49%,20
Baja Sonora Norte,Mexicali,Mexicali,02/07/2026,6,61000,12810,73810,21.00%,7
Baja Sonora Norte,Mexicali,Puerto Peñasco,02/07/2026,6,137000,28770,165770,21.00%,18
Baja Sonora Norte,Mexicali,San Luis Rio Colorado,02/07/2026,6,152000,31740,183740,20.88%,18
Bajio,Digital Tecuala,Rosa Morada Digital,02/07/2026,6,,,,,
Bajio,Digital Tecuala,Ruiz Digital,02/07/2026,6,,,,,
Bajio,Digital Tecuala,Tecuala Digital,02/07/2026,6,45000,9450,54450,21.00%,6
Bajio,Digital Tecuala,Tuxpan Nayarit Digital,02/07/2026,6,,,,,
Bajio,Durango,Durango,02/07/2026,6,265000,54690,319690,20.64%,34
Bajio,Durango,El Salto,02/07/2026,6,241000,49290,290290,20.45%,27
Bajio,Morelia,Celaya,02/07/2026,6,365000,74340,439340,20.37%,46
Bajio,Morelia,Ejecutivo Patzcuaro,02/07/2026,6,,,,,
Bajio,Morelia,Irapuato,02/07/2026,6,90000,18900,108900,21.00%,11
Bajio,Morelia,Morelia,02/07/2026,6,428000,89160,517160,20.83%,54
Bajio,Morelia,Uruapan,02/07/2026,6,198000,40560,238560,20.48%,28
Bajio,Santiago Papasquiaro Digital,Santiago Papasquiaro Digital,02/07/2026,6,26000,5160,31160,19.85%,3
Bajio,Sinaloa Sur 2,Acaponeta,02/07/2026,6,139000,28470,167470,20.48%,15
Bajio,Sinaloa Sur 2,Escuinapa,02/07/2026,6,392000,81450,473450,20.78%,59
Bajio,Sinaloa Sur 2,Santiago Ixcuintla,02/07/2026,6,78000,16380,94380,21.00%,11
Bajio,Tepic,Compostela,02/07/2026,6,72000,14820,86820,20.58%,9
Bajio,Tepic,Ixtlan del Rio,02/07/2026,6,,,,,
Bajio,Tepic,Mezcales,02/07/2026,6,129000,27090,156090,21.00%,16
Bajio,Tepic,Tepic,02/07/2026,6,190000,39660,229660,20.87%,25
Bajio,Tepic,Vallarta,02/07/2026,6,128000,26340,154340,20.58%,15
Bajio,Zacatecas,Fresnillo,02/07/2026,6,97000,20370,117370,21.00%,13
Bajio,Zacatecas,Jerez,02/07/2026,6,115000,23790,138790,20.69%,13
Bajio,Zacatecas,Rio Grande,02/07/2026,6,374000,77280,451280,20.66%,57
Bajio,Zacatecas,Zacatecas,02/07/2026,6,192000,40320,232320,21.00%,25
CERRADA,CERRADA,CERRADA,02/07/2026,6,48000,10080,58080,21.00%,6
Chihuahua,Chihuahua Centro,Chihuahua Centro,02/07/2026,6,419000,87240,506240,20.82%,58
Chihuahua,Chihuahua Centro,Cuauhtemoc,02/07/2026,6,571000,119910,690910,21.00%,94
Chihuahua,Chihuahua Centro,Parral,02/07/2026,6,405000,85050,490050,21.00%,54
Chihuahua,Chihuahua Norte,Casas Grandes,02/07/2026,6,185000,37800,222800,20.43%,22
Chihuahua,Chihuahua Norte,Cd. Juárez,02/07/2026,6,227000,47070,274070,20.74%,28
Chihuahua,Chihuahua Norte,Cd. Juárez 2,02/07/2026,6,168000,35280,203280,21.00%,21
Chihuahua,Chihuahua Sur,Camargo,02/07/2026,6,83000,17430,100430,21.00%,10
Chihuahua,Chihuahua Sur,Delicias,02/07/2026,6,276000,57660,333660,20.89%,40
Chihuahua,Chihuahua Sur,Jimenez,02/07/2026,6,38000,7980,45980,21.00%,6
Chihuahua,Chihuahua Sur,Meoqui,02/07/2026,6,176000,35955,211955,20.43%,28
Digital Suroeste,Digital Chiapas,Comitan Digital,02/07/2026,6,34000,7140,41140,21.00%,4
Digital Suroeste,Digital Chiapas,Tonala Digital,02/07/2026,6,8000,1440,9440,18.00%,1
Digital Suroeste,Digital Chiapas,Villa Flores Digital,02/07/2026,6,,,,,
Digital Suroeste,Digital Guerrero,Acapulco Digital,02/07/2026,6,16000,3360,19360,21.00%,2
Digital Suroeste,Digital Guerrero,Chilpancingo Digital,02/07/2026,6,,,,,
Digital Suroeste,Digital Guerrero,Coyuca de Benitez Digital,02/07/2026,6,56000,11760,67760,21.00%,7
Digital Suroeste,Digital Guerrero,Iguala Digital,02/07/2026,6,,,,,
Digital Suroeste,Digital Oaxaca,Ixtepec Digital,02/07/2026,6,16000,3360,19360,21.00%,2
Digital Suroeste,Digital Oaxaca,Juchitan Digital,02/07/2026,6,12000,1980,13980,16.50%,2
Digital Suroeste,Digital Oaxaca,Matias Romero Digital,02/07/2026,6,251000,48075,299075,19.15%,30
Digital Suroeste,Digital Oaxaca,Tehuantepec Digital,02/07/2026,6,24000,5040,29040,21.00%,3
Digital Suroeste,Digital Oaxaca Costa,Huatulco Digital,02/07/2026,6,,,,,
Digital Suroeste,Digital Oaxaca Costa,Pinotepa Nacional Digital,02/07/2026,6,8000,1680,9680,21.00%,1
Digital Suroeste,Digital Oaxaca Costa,Puerto Escondido Digital,02/07/2026,6,,,,,
Digital Suroeste,Digital Oaxaca Costa,Salina Cruz Digital,02/07/2026,6,,,,,
Noreste,Coahuila,Guadalupe Victoria,02/07/2026,6,62000,13020,75020,21.00%,8
Noreste,Coahuila,Parras,02/07/2026,6,13000,2730,15730,21.00%,2
Noreste,Coahuila,San Pedro,02/07/2026,6,8000,1680,9680,21.00%,1
Noreste,Coahuila Norte,Acuña,02/07/2026,6,149000,31050,180050,20.84%,19
Noreste,Coahuila Norte,Monclova,02/07/2026,6,268000,56040,324040,20.91%,43
Noreste,Coahuila Norte,Piedras Negras,02/07/2026,6,84000,17340,101340,20.64%,11
Noreste,Digital San Luis,Cd Mante Digital,02/07/2026,6,,,,,
Noreste,Digital San Luis,Cd Victoria Digital,02/07/2026,6,26000,5160,31160,19.85%,3
Noreste,Digital San Luis,San Luis Potosi Digital,02/07/2026,6,52000,10200,62200,19.62%,6
Noreste,Reynosa Digital,Matamoros Digital,02/07/2026,6,,,,,
Noreste,Reynosa Digital,Reynosa Digital,02/07/2026,6,,,,,
Noreste,Saltillo/Nuevo Leon,Cadereyta,02/07/2026,6,388000,81480,469480,21.00%,62
Noreste,Saltillo/Nuevo Leon,Linares,02/07/2026,6,205000,43050,248050,21.00%,26
Noreste,Saltillo/Nuevo Leon,Saltillo,02/07/2026,6,196000,40620,236620,20.72%,24
Noreste,San Luis,Ciudad Valles,02/07/2026,6,574000,115950,689950,20.20%,91
Noreste,San Luis,Matehuala,02/07/2026,6,191000,40110,231110,21.00%,24
Noreste,Tamaulipas,Altamira,02/07/2026,6,458000,95505,553505,20.85%,62
Noreste,Tamaulipas,Tampico Norte,02/07/2026,6,416000,83430,499430,20.06%,52
Noreste,Tampico,Tampico Centro,02/07/2026,6,651000,134790,785790,20.71%,85
Noreste,Tampico,Tampico Madero,02/07/2026,6,661000,135960,796960,20.57%,84
Pacifico,Digital Baja Sur,Loreto Digital,02/07/2026,6,31000,6060,37060,19.55%,4
Pacifico,Digital Baja Sur,Santa Rosalia Digital,02/07/2026,6,,,,,
Pacifico,Digital Baja Sur,Vizcaino Digital,02/07/2026,6,8000,1680,9680,21.00%,1
Pacifico,Digital Sonora Norte 2,Cananea Digital,02/07/2026,6,53000,10830,63830,20.43%,7
Pacifico,Digital Sonora Norte 2,Imuris Digital,02/07/2026,6,6000,1260,7260,21.00%,1
Pacifico,Digital Sonora Norte 2,Nogales,02/07/2026,6,118000,24780,142780,21.00%,15
Pacifico,Digital Sonora Norte 2,Santa Ana Digital,02/07/2026,6,38000,7980,45980,21.00%,5
Pacifico,La Paz 1,La Paz,02/07/2026,6,230000,46635,276635,20.28%,32
Pacifico,La Paz 1,La Paz 2,02/07/2026,6,130000,27000,157000,20.77%,18
Pacifico,La Paz 2,Cd.Constitución,02/07/2026,6,58000,11580,69580,19.97%,7
Pacifico,La Paz 2,La Paz 3,02/07/2026,6,90000,17820,107820,19.80%,11
Pacifico,La Paz 2,La Paz 4,02/07/2026,6,,,,,
Pacifico,Los Cabos,Cabo San Lucas,02/07/2026,6,403000,84180,487180,20.89%,54
Pacifico,Los Cabos,San Jose Del Cabo,02/07/2026,6,559000,116310,675310,20.81%,70
Pacifico,Mazatlan,La Cruz,02/07/2026,6,288000,60000,348000,20.83%,40
Pacifico,Mazatlan,Mazatlán Centro,02/07/2026,6,402000,84420,486420,21.00%,55
Pacifico,Mazatlan,Rosario,02/07/2026,6,13000,2730,15730,21.00%,2
Pacifico,Obregon,Obregón Centro 1,02/07/2026,6,230000,48300,278300,21.00%,30
Pacifico,Obregon,Obregón Esperanza,02/07/2026,6,144000,30240,174240,21.00%,19
Pacifico,Obregon,Obregón Perisur,02/07/2026,6,309000,62220,371220,20.14%,40
Pacifico,Sinaloa Centro,Culiacán Centro,02/07/2026,6,290000,59550,349550,20.53%,38
Pacifico,Sinaloa Centro,Culiacán San Isidro,02/07/2026,6,381000,76800,457800,20.16%,41
Pacifico,Sinaloa Centro,Guamuchil,02/07/2026,6,129000,26340,155340,20.42%,17
Pacifico,Sinaloa Sur 1,Costa Rica,02/07/2026,6,176000,32070,208070,18.22%,27
Pacifico,Sinaloa Sur 1,El Dorado,02/07/2026,6,112000,22200,134200,19.82%,13
Pacifico,Sinaloa Sur 1,Navolato,02/07/2026,6,403000,84150,487150,20.88%,52
Pacifico,Sonora Centro,Empalme,02/07/2026,6,77000,15900,92900,20.65%,10
Pacifico,Sonora Centro,Guaymas,02/07/2026,6,315000,64950,379950,20.62%,45
Pacifico,Sonora Centro,Hermosillo,02/07/2026,6,179000,37590,216590,21.00%,24
Pacifico,Sonora Centro,Hermosillo Digital,02/07/2026,6,,,,,
Pacifico,Sonora Norte 1,Caborca,02/07/2026,6,148000,30120,178120,20.35%,19
Pacifico,Sonora Norte 1,Magdalena,02/07/2026,6,81000,16785,97785,20.72%,11
Pacifico,Sonora Sur,Huatabampo,02/07/2026,6,194000,40380,234380,20.81%,25
Pacifico,Sonora Sur,Navojoa,02/07/2026,6,145000,30150,175150,20.79%,17
Por Asignar,Por Asignar,Por Asignar,02/07/2026,6,265000,55650,320650,21.00%,39
Sureste,Digital Veracruz Norte,Huachinango Digital,02/07/2026,6,8000,1680,9680,21.00%,1
Sureste,Digital Veracruz Norte,Martínez de la Torre Digital,02/07/2026,6,68000,14280,82280,21.00%,8
Sureste,Digital Veracruz Norte,Papantla Digital,02/07/2026,6,37000,7770,44770,21.00%,5
Sureste,Digital Veracruz Norte,Veracruz Digital,02/07/2026,6,16000,3360,19360,21.00%,2
Sureste,Tabasco Centro,Macuspana,02/07/2026,6,473000,97740,570740,20.66%,60
Sureste,Tabasco Centro,Teapa,02/07/2026,6,326000,68460,394460,21.00%,45
Sureste,Tabasco Centro,Villahermosa,02/07/2026,6,453000,93780,546780,20.70%,62
Sureste,Tabasco Centro,Villahermosa 2,02/07/2026,6,260000,54240,314240,20.86%,35
Sureste,Tabasco Norte,Cardenas,02/07/2026,6,511000,106860,617860,20.91%,72
Sureste,Tabasco Norte,Cardenas 2,02/07/2026,6,285000,59850,344850,21.00%,44
Sureste,Tabasco Norte,Comalcalco,02/07/2026,6,300000,62550,362550,20.85%,38
Sureste,Tabasco Norte,Paraiso,02/07/2026,6,146000,30180,176180,20.67%,18
Sureste,Veracruz Centro,Cordoba,02/07/2026,6,743000,154635,897635,20.81%,96
Sureste,Veracruz Centro,Orizaba,02/07/2026,6,585000,120840,705840,20.66%,82
Sureste,Veracruz Norte,Poza Rica,02/07/2026,6,570000,118080,688080,20.72%,72
Sureste,Veracruz Norte,Poza Rica 2,02/07/2026,6,697000,146130,843130,20.97%,108
Sureste,Veracruz Norte,Tuxpan,02/07/2026,6,241000,50370,291370,20.90%,31
Sureste,Veracruz Sur,Acayucan,02/07/2026,6,384000,80640,464640,21.00%,51
Sureste,Veracruz Sur,Coatzacoalcos,02/07/2026,6,310000,63120,373120,20.36%,39
Sureste,Veracruz Sur,Coatzacoalcos 2,02/07/2026,6,258000,54180,312180,21.00%,33
Sureste,Veracruz Sur,Minatitlán,02/07/2026,6,507000,104490,611490,20.61%,73
Sureste,Veracruz Sur,San Andres Tuxtla Digital,02/07/2026,6,,,,,
Baja Sonora Norte,Baja Norte,Ensenada,02/07/2026,8,3097000,1288283,4385283,41.60%,555
Baja Sonora Norte,Baja Norte,Rosarito,02/07/2026,8,5135000,2148089,7283089,41.83%,929
Baja Sonora Norte,Baja Norte,San Quintin,02/07/2026,8,80000,33455,113455,41.82%,15
Baja Sonora Norte,Baja Norte,Tecate,02/07/2026,8,1930000,804735,2734735,41.70%,352
Baja Sonora Norte,Baja Norte,Tijuana,02/07/2026,8,4492000,1882890,6374890,41.92%,792
Baja Sonora Norte,Baja Norte,Tijuana 2,02/07/2026,8,3209000,1325295,4534295,41.30%,563
Baja Sonora Norte,Mexicali,Mexicali,02/07/2026,8,1519000,624098,2143098,41.09%,266
Baja Sonora Norte,Mexicali,Puerto Peñasco,02/07/2026,8,2493000,1029345,3522345,41.29%,452
Baja Sonora Norte,Mexicali,San Luis Rio Colorado,02/07/2026,8,3627000,1519818,5146818,41.90%,655
Bajio,Digital Tecuala,Rosa Morada Digital,02/07/2026,8,51000,21743,72743,42.63%,9
Bajio,Digital Tecuala,Ruiz Digital,02/07/2026,8,30000,11887,41887,39.62%,5
Bajio,Digital Tecuala,Tecuala Digital,02/07/2026,8,284000,110838,394838,39.03%,48
Bajio,Digital Tecuala,Tuxpan Nayarit Digital,02/07/2026,8,16000,6840,22840,42.75%,3
Bajio,Durango,Durango,02/07/2026,8,5436000,2217349,7653349,40.79%,979
Bajio,Durango,El Salto,02/07/2026,8,7644000,3175589,10819589,41.54%,1386
Bajio,Morelia,Celaya,02/07/2026,8,5867000,2413425,8280425,41.14%,1056
Bajio,Morelia,Ejecutivo Patzcuaro,02/07/2026,8,,,,,
Bajio,Morelia,Irapuato,02/07/2026,8,1328000,548399,1876399,41.30%,232
Bajio,Morelia,Morelia,02/07/2026,8,3721000,1518498,5239498,40.81%,657
Bajio,Morelia,Uruapan,02/07/2026,8,2827000,1153695,3980695,40.81%,510
Bajio,Santiago Papasquiaro Digital,Santiago Papasquiaro Digital,02/07/2026,8,111000,46134,157134,41.56%,19
Bajio,Sinaloa Sur 2,Acaponeta,02/07/2026,8,1111000,451417,1562417,40.63%,193
Bajio,Sinaloa Sur 2,Escuinapa,02/07/2026,8,2595000,1054305,3649305,40.63%,456
Bajio,Sinaloa Sur 2,Santiago Ixcuintla,02/07/2026,8,1098000,434505,1532505,39.57%,190
Bajio,Tepic,Compostela,02/07/2026,8,408000,161462,569462,39.57%,69
Bajio,Tepic,Ixtlan del Rio,02/07/2026,8,,,,,
Bajio,Tepic,Mezcales,02/07/2026,8,4789000,1996892,6785892,41.70%,851
Bajio,Tepic,Tepic,02/07/2026,8,3227000,1289594,4516594,39.96%,558
Bajio,Tepic,Vallarta,02/07/2026,8,2907000,1196297,4103297,41.15%,514
Bajio,Zacatecas,Fresnillo,02/07/2026,8,1865000,773136,2638136,41.46%,338
Bajio,Zacatecas,Jerez,02/07/2026,8,442000,175972,617972,39.81%,76
Bajio,Zacatecas,Rio Grande,02/07/2026,8,2648000,1042807,3690807,39.38%,459
Bajio,Zacatecas,Zacatecas,02/07/2026,8,2469000,980357,3449357,39.71%,431
CERRADA,CERRADA,CERRADA,02/07/2026,8,636000,254416,890416,40.00%,111
Chihuahua,Chihuahua Centro,Chihuahua Centro,02/07/2026,8,3207000,1302452,4509452,40.61%,578
Chihuahua,Chihuahua Centro,Cuauhtemoc,02/07/2026,8,4762000,1958865,6720865,41.14%,847
Chihuahua,Chihuahua Centro,Parral,02/07/2026,8,6068000,2505554,8573554,41.29%,1070
Chihuahua,Chihuahua Norte,Casas Grandes,02/07/2026,8,1424000,584670,2008670,41.06%,253
Chihuahua,Chihuahua Norte,Cd. Juárez,02/07/2026,8,5362000,2191688,7553688,40.87%,956
Chihuahua,Chihuahua Norte,Cd. Juárez 2,02/07/2026,8,3639000,1498243,5137243,41.17%,655
Chihuahua,Chihuahua Sur,Camargo,02/07/2026,8,978000,401002,1379002,41.00%,175
Chihuahua,Chihuahua Sur,Delicias,02/07/2026,8,2856000,1160245,4016245,40.62%,502
Chihuahua,Chihuahua Sur,Jimenez,02/07/2026,8,1238000,501111,1739111,40.48%,222
Chihuahua,Chihuahua Sur,Meoqui,02/07/2026,8,1127000,455953,1582953,40.46%,197
Digital Suroeste,Digital Chiapas,Comitan Digital,02/07/2026,8,1731000,728100,2459100,42.06%,328
Digital Suroeste,Digital Chiapas,Tonala Digital,02/07/2026,8,365000,152455,517455,41.77%,70
Digital Suroeste,Digital Chiapas,Villa Flores Digital,02/07/2026,8,38000,16232,54232,42.72%,7
Digital Suroeste,Digital Guerrero,Acapulco Digital,02/07/2026,8,171000,69975,240975,40.92%,30
Digital Suroeste,Digital Guerrero,Chilpancingo Digital,02/07/2026,8,122000,52062,174062,42.67%,22
Digital Suroeste,Digital Guerrero,Coyuca de Benitez Digital,02/07/2026,8,304000,125709,429709,41.35%,55
Digital Suroeste,Digital Guerrero,Iguala Digital,02/07/2026,8,797000,336674,1133674,42.24%,147
Digital Suroeste,Digital Oaxaca,Ixtepec Digital,02/07/2026,8,441000,185990,626990,42.17%,80
Digital Suroeste,Digital Oaxaca,Juchitan Digital,02/07/2026,8,785000,333484,1118484,42.48%,145
Digital Suroeste,Digital Oaxaca,Matias Romero Digital,02/07/2026,8,1715000,718400,2433400,41.89%,299
Digital Suroeste,Digital Oaxaca,Tehuantepec Digital,02/07/2026,8,1772000,733621,2505621,41.40%,320
Digital Suroeste,Digital Oaxaca Costa,Huatulco Digital,02/07/2026,8,457000,195397,652397,42.76%,86
Digital Suroeste,Digital Oaxaca Costa,Pinotepa Nacional Digital,02/07/2026,8,100000,41543,141543,41.54%,18
Digital Suroeste,Digital Oaxaca Costa,Puerto Escondido Digital,02/07/2026,8,71000,28064,99064,39.53%,13
Digital Suroeste,Digital Oaxaca Costa,Salina Cruz Digital,02/07/2026,8,1816000,761558,2577558,41.94%,339
Noreste,Coahuila,Guadalupe Victoria,02/07/2026,8,1285000,538532,1823532,41.91%,231
Noreste,Coahuila,Parras,02/07/2026,8,543000,225398,768398,41.51%,96
Noreste,Coahuila,San Pedro,02/07/2026,8,1084000,451877,1535877,41.69%,189
Noreste,Coahuila Norte,Acuña,02/07/2026,8,2318000,958839,3276839,41.36%,404
Noreste,Coahuila Norte,Monclova,02/07/2026,8,6876000,2803109,9679109,40.77%,1213
Noreste,Coahuila Norte,Piedras Negras,02/07/2026,8,4240000,1770223,6010223,41.75%,766
Noreste,Digital San Luis,Cd Mante Digital,02/07/2026,8,373000,156790,529790,42.03%,66
Noreste,Digital San Luis,Cd Victoria Digital,02/07/2026,8,469000,200292,669292,42.71%,86
Noreste,Digital San Luis,San Luis Potosi Digital,02/07/2026,8,880000,360694,1240694,40.99%,157
Noreste,Reynosa Digital,Matamoros Digital,02/07/2026,8,,,,,
Noreste,Reynosa Digital,Reynosa Digital,02/07/2026,8,,,,,
Noreste,Saltillo/Nuevo Leon,Cadereyta,02/07/2026,8,2526000,1021538,3547538,40.44%,451
Noreste,Saltillo/Nuevo Leon,Linares,02/07/2026,8,2413000,998070,3411070,41.36%,427
Noreste,Saltillo/Nuevo Leon,Saltillo,02/07/2026,8,7086000,2894386,9980386,40.85%,1273
Noreste,San Luis,Ciudad Valles,02/07/2026,8,11785000,4891250,16676250,41.50%,2056
Noreste,San Luis,Matehuala,02/07/2026,8,2753000,1101391,3854391,40.01%,475
Noreste,Tamaulipas,Altamira,02/07/2026,8,7638000,3054508,10692508,39.99%,1343
Noreste,Tamaulipas,Tampico Norte,02/07/2026,8,6046000,2446993,8492993,40.47%,1056
Noreste,Tampico,Tampico Centro,02/07/2026,8,13634000,5575023,19209023,40.89%,2424
Noreste,Tampico,Tampico Madero,02/07/2026,8,9043000,3704469,12747469,40.97%,1590
Pacifico,Digital Baja Sur,Loreto Digital,02/07/2026,8,209000,86759,295759,41.51%,36
Pacifico,Digital Baja Sur,Santa Rosalia Digital,02/07/2026,8,141000,60231,201231,42.72%,26
Pacifico,Digital Baja Sur,Vizcaino Digital,02/07/2026,8,32000,13680,45680,42.75%,6
Pacifico,Digital Sonora Norte 2,Cananea Digital,02/07/2026,8,190000,75048,265048,39.50%,33
Pacifico,Digital Sonora Norte 2,Imuris Digital,02/07/2026,8,231000,97638,328638,42.27%,41
Pacifico,Digital Sonora Norte 2,Nogales,02/07/2026,8,4911000,2068326,6979326,42.12%,896
Pacifico,Digital Sonora Norte 2,Santa Ana Digital,02/07/2026,8,311000,128477,439477,41.31%,55
Pacifico,La Paz 1,La Paz,02/07/2026,8,3678000,1508363,5186363,41.01%,652
Pacifico,La Paz 1,La Paz 2,02/07/2026,8,4255000,1731478,5986478,40.69%,763
Pacifico,La Paz 2,Cd.Constitución,02/07/2026,8,1372000,568457,1940457,41.43%,244
Pacifico,La Paz 2,La Paz 3,02/07/2026,8,1084000,431501,1515501,39.81%,189
Pacifico,La Paz 2,La Paz 4,02/07/2026,8,27000,11536,38536,42.72%,5
Pacifico,Los Cabos,Cabo San Lucas,02/07/2026,8,13188000,5450200,18638200,41.33%,2306
Pacifico,Los Cabos,San Jose Del Cabo,02/07/2026,8,11014000,4530499,15544499,41.13%,1932
Pacifico,Mazatlan,La Cruz,02/07/2026,8,3069000,1246857,4315857,40.63%,544
Pacifico,Mazatlan,Mazatlán Centro,02/07/2026,8,4072000,1621420,5693420,39.82%,723
Pacifico,Mazatlan,Rosario,02/07/2026,8,1010000,424660,1434660,42.05%,185
Pacifico,Obregon,Obregón Centro 1,02/07/2026,8,4154000,1673505,5827505,40.29%,727
Pacifico,Obregon,Obregón Esperanza,02/07/2026,8,1496000,608792,2104792,40.69%,264
Pacifico,Obregon,Obregón Perisur,02/07/2026,8,2670000,1074645,3744645,40.25%,471
Pacifico,Sinaloa Centro,Culiacán Centro,02/07/2026,8,4734000,1919197,6653197,40.54%,843
Pacifico,Sinaloa Centro,Culiacán San Isidro,02/07/2026,8,3989000,1603042,5592042,40.19%,703
Pacifico,Sinaloa Centro,Guamuchil,02/07/2026,8,1134000,460727,1594727,40.63%,199
Pacifico,Sinaloa Sur 1,Costa Rica,02/07/2026,8,1141000,459201,1600201,40.25%,202
Pacifico,Sinaloa Sur 1,El Dorado,02/07/2026,8,1367000,539129,1906129,39.44%,227
Pacifico,Sinaloa Sur 1,Navolato,02/07/2026,8,2344000,931104,3275104,39.72%,406
Pacifico,Sonora Centro,Empalme,02/07/2026,8,1477000,600515,2077515,40.66%,265
Pacifico,Sonora Centro,Guaymas,02/07/2026,8,2864000,1144439,4008439,39.96%,512
Pacifico,Sonora Centro,Hermosillo,02/07/2026,8,3779000,1551793,5330793,41.06%,674
Pacifico,Sonora Centro,Hermosillo Digital,02/07/2026,8,,,,,
Pacifico,Sonora Norte 1,Caborca,02/07/2026,8,2309000,953089,3262089,41.28%,397
Pacifico,Sonora Norte 1,Magdalena,02/07/2026,8,839000,347874,1186874,41.46%,151
Pacifico,Sonora Sur,Huatabampo,02/07/2026,8,1315000,522980,1837980,39.77%,227
Pacifico,Sonora Sur,Navojoa,02/07/2026,8,2447000,987890,3434890,40.37%,434
Por Asignar,Por Asignar,Por Asignar,02/07/2026,8,1791000,695628,2486628,38.84%,317
Sureste,Digital Veracruz Norte,Huachinango Digital,02/07/2026,8,280000,117670,397670,42.02%,51
Sureste,Digital Veracruz Norte,Martínez de la Torre Digital,02/07/2026,8,1042000,424396,1466396,40.73%,181
Sureste,Digital Veracruz Norte,Papantla Digital,02/07/2026,8,356000,147654,503654,41.48%,62
Sureste,Digital Veracruz Norte,Veracruz Digital,02/07/2026,8,1009000,424259,1433259,42.05%,175
Sureste,Tabasco Centro,Macuspana,02/07/2026,8,9870000,3935486,13805486,39.87%,1695
Sureste,Tabasco Centro,Teapa,02/07/2026,8,3674000,1402469,5076469,38.17%,628
Sureste,Tabasco Centro,Villahermosa,02/07/2026,8,10861000,4481196,15342196,41.26%,1959
Sureste,Tabasco Centro,Villahermosa 2,02/07/2026,8,7081000,2845904,9926904,40.19%,1248
Sureste,Tabasco Norte,Cardenas,02/07/2026,8,5537000,2223901,7760901,40.16%,970
Sureste,Tabasco Norte,Cardenas 2,02/07/2026,8,3067000,1210480,4277480,39.47%,539
Sureste,Tabasco Norte,Comalcalco,02/07/2026,8,6261000,2515647,8776647,40.18%,1090
Sureste,Tabasco Norte,Paraiso,02/07/2026,8,3758000,1530114,5288114,40.72%,667
Sureste,Veracruz Centro,Cordoba,02/07/2026,8,8408000,3416205,11824205,40.63%,1489
Sureste,Veracruz Centro,Orizaba,02/07/2026,8,8769000,3561583,12330583,40.62%,1530
Sureste,Veracruz Norte,Poza Rica,02/07/2026,8,10038000,4070170,14108170,40.55%,1740
Sureste,Veracruz Norte,Poza Rica 2,02/07/2026,8,6605000,2678236,9283236,40.55%,1174
Sureste,Veracruz Norte,Tuxpan,02/07/2026,8,4155000,1677971,5832971,40.38%,733
Sureste,Veracruz Sur,Acayucan,02/07/2026,8,5100000,2073704,7173704,40.66%,902
Sureste,Veracruz Sur,Coatzacoalcos,02/07/2026,8,5192000,2105767,7297767,40.56%,908
Sureste,Veracruz Sur,Coatzacoalcos 2,02/07/2026,8,4100000,1660196,5760196,40.49%,720
Sureste,Veracruz Sur,Minatitlán,02/07/2026,8,12081000,4923038,17004038,40.75%,2135
Sureste,Veracruz Sur,San Andres Tuxtla Digital,02/07/2026,8,6000,2552,8552,42.53%,1
Baja Sonora Norte,Baja Norte,Ensenada,02/07/2026,10,2959000,1371034,4330034,46.33%,514
Baja Sonora Norte,Baja Norte,Rosarito,02/07/2026,10,4987000,2361069,7348069,47.34%,870
Baja Sonora Norte,Baja Norte,San Quintin,02/07/2026,10,149000,71392,220392,47.91%,26
Baja Sonora Norte,Baja Norte,Tecate,02/07/2026,10,3306000,1569132,4875132,47.46%,595
Baja Sonora Norte,Baja Norte,Tijuana,02/07/2026,10,3860000,1832409,5692409,47.47%,665
Baja Sonora Norte,Baja Norte,Tijuana 2,02/07/2026,10,3982000,1833962,5815962,46.06%,668
Baja Sonora Norte,Mexicali,Mexicali,02/07/2026,10,1892000,883186,2775186,46.68%,325
Baja Sonora Norte,Mexicali,Puerto Peñasco,02/07/2026,10,6450000,3069278,9519278,47.59%,1146
Baja Sonora Norte,Mexicali,San Luis Rio Colorado,02/07/2026,10,3353000,1590332,4943332,47.43%,595
Bajio,Digital Tecuala,Rosa Morada Digital,02/07/2026,10,55000,25930,80930,47.15%,10
Bajio,Digital Tecuala,Ruiz Digital,02/07/2026,10,77000,36350,113350,47.21%,14
Bajio,Digital Tecuala,Tecuala Digital,02/07/2026,10,1245000,570239,1815239,45.80%,210
Bajio,Digital Tecuala,Tuxpan Nayarit Digital,02/07/2026,10,44000,21400,65400,48.64%,8
Bajio,Durango,Durango,02/07/2026,10,8398000,3854631,12252631,45.90%,1462
Bajio,Durango,El Salto,02/07/2026,10,4359000,2061083,6420083,47.28%,784
Bajio,Morelia,Celaya,02/07/2026,10,10051000,4729805,14780805,47.06%,1797
Bajio,Morelia,Ejecutivo Patzcuaro,02/07/2026,10,,,,,
Bajio,Morelia,Irapuato,02/07/2026,10,2534000,1187343,3721343,46.86%,439
Bajio,Morelia,Morelia,02/07/2026,10,10277000,4801802,15078802,46.72%,1852
Bajio,Morelia,Uruapan,02/07/2026,10,5585000,2576276,8161276,46.13%,989
Bajio,Santiago Papasquiaro Digital,Santiago Papasquiaro Digital,02/07/2026,10,262000,122804,384804,46.87%,45
Bajio,Sinaloa Sur 2,Acaponeta,02/07/2026,10,2855000,1333999,4188999,46.72%,492
Bajio,Sinaloa Sur 2,Escuinapa,02/07/2026,10,5860000,2684271,8544271,45.81%,1012
Bajio,Sinaloa Sur 2,Santiago Ixcuintla,02/07/2026,10,9119000,4304472,13423472,47.20%,1622
Bajio,Tepic,Compostela,02/07/2026,10,1134000,522650,1656650,46.09%,192
Bajio,Tepic,Ixtlan del Rio,02/07/2026,10,,,,,
Bajio,Tepic,Mezcales,02/07/2026,10,6318000,2992145,9310145,47.36%,1101
Bajio,Tepic,Tepic,02/07/2026,10,16354000,7635678,23989678,46.69%,2793
Bajio,Tepic,Vallarta,02/07/2026,10,4187000,1982991,6169991,47.36%,731
Bajio,Zacatecas,Fresnillo,02/07/2026,10,3444000,1607575,5051575,46.68%,597
Bajio,Zacatecas,Jerez,02/07/2026,10,601000,271714,872714,45.21%,102
Bajio,Zacatecas,Rio Grande,02/07/2026,10,6405000,2902806,9307806,45.32%,1089
Bajio,Zacatecas,Zacatecas,02/07/2026,10,6060000,2726687,8786687,44.99%,1022
CERRADA,CERRADA,CERRADA,02/07/2026,10,1388000,618160,2006160,44.54%,234
Chihuahua,Chihuahua Centro,Chihuahua Centro,02/07/2026,10,6773000,3166078,9939078,46.75%,1199
Chihuahua,Chihuahua Centro,Cuauhtemoc,02/07/2026,10,6593000,3069391,9662391,46.56%,1152
Chihuahua,Chihuahua Centro,Parral,02/07/2026,10,9078000,4190333,13268333,46.16%,1549
Chihuahua,Chihuahua Norte,Casas Grandes,02/07/2026,10,2432000,1133942,3565942,46.63%,424
Chihuahua,Chihuahua Norte,Cd. Juárez,02/07/2026,10,8146000,3819557,11965557,46.89%,1442
Chihuahua,Chihuahua Norte,Cd. Juárez 2,02/07/2026,10,6331000,2960357,9291357,46.76%,1113
Chihuahua,Chihuahua Sur,Camargo,02/07/2026,10,2942000,1377386,4319386,46.82%,515
Chihuahua,Chihuahua Sur,Delicias,02/07/2026,10,4848000,2251411,7099411,46.44%,846
Chihuahua,Chihuahua Sur,Jimenez,02/07/2026,10,3993000,1835505,5828505,45.97%,697
Chihuahua,Chihuahua Sur,Meoqui,02/07/2026,10,2167000,981072,3148072,45.27%,369
Digital Suroeste,Digital Chiapas,Comitan Digital,02/07/2026,10,320000,148323,468323,46.35%,55
Digital Suroeste,Digital Chiapas,Tonala Digital,02/07/2026,10,522000,246101,768101,47.15%,97
Digital Suroeste,Digital Chiapas,Villa Flores Digital,02/07/2026,10,222000,103602,325602,46.67%,40
Digital Suroeste,Digital Guerrero,Acapulco Digital,02/07/2026,10,49000,21650,70650,44.18%,8
Digital Suroeste,Digital Guerrero,Chilpancingo Digital,02/07/2026,10,64000,30041,94041,46.94%,11
Digital Suroeste,Digital Guerrero,Coyuca de Benitez Digital,02/07/2026,10,43000,20911,63911,48.63%,8
Digital Suroeste,Digital Guerrero,Iguala Digital,02/07/2026,10,150000,64662,214662,43.11%,23
Digital Suroeste,Digital Oaxaca,Ixtepec Digital,02/07/2026,10,680000,321984,1001984,47.35%,119
Digital Suroeste,Digital Oaxaca,Juchitan Digital,02/07/2026,10,1545000,721845,2266845,46.72%,276
Digital Suroeste,Digital Oaxaca,Matias Romero Digital,02/07/2026,10,423000,205712,628712,48.63%,78
Digital Suroeste,Digital Oaxaca,Tehuantepec Digital,02/07/2026,10,639000,294795,933795,46.13%,111
Digital Suroeste,Digital Oaxaca Costa,Huatulco Digital,02/07/2026,10,16000,5600,21600,35.00%,2
Digital Suroeste,Digital Oaxaca Costa,Pinotepa Nacional Digital,02/07/2026,10,150000,66401,216401,44.27%,25
Digital Suroeste,Digital Oaxaca Costa,Puerto Escondido Digital,02/07/2026,10,82000,38781,120781,47.29%,15
Digital Suroeste,Digital Oaxaca Costa,Salina Cruz Digital,02/07/2026,10,509000,220172,729172,43.26%,83
Noreste,Coahuila,Guadalupe Victoria,02/07/2026,10,1679000,789406,2468406,47.02%,292
Noreste,Coahuila,Parras,02/07/2026,10,927000,417533,1344533,45.04%,152
Noreste,Coahuila,San Pedro,02/07/2026,10,3118000,1484008,4602008,47.59%,552
Noreste,Coahuila Norte,Acuña,02/07/2026,10,17100000,8174299,25274299,47.80%,2982
Noreste,Coahuila Norte,Monclova,02/07/2026,10,34345000,16195998,50540998,47.16%,6051
Noreste,Coahuila Norte,Piedras Negras,02/07/2026,10,6942000,3243990,10185990,46.73%,1218
Noreste,Digital San Luis,Cd Mante Digital,02/07/2026,10,288000,131881,419881,45.79%,49
Noreste,Digital San Luis,Cd Victoria Digital,02/07/2026,10,536000,247183,783183,46.12%,93
Noreste,Digital San Luis,San Luis Potosi Digital,02/07/2026,10,1011000,461792,1472792,45.68%,173
Noreste,Reynosa Digital,Matamoros Digital,02/07/2026,10,,,,,
Noreste,Reynosa Digital,Reynosa Digital,02/07/2026,10,,,,,
Noreste,Saltillo/Nuevo Leon,Cadereyta,02/07/2026,10,3097000,1411123,4508123,45.56%,531
Noreste,Saltillo/Nuevo Leon,Linares,02/07/2026,10,4883000,2290648,7173648,46.91%,848
Noreste,Saltillo/Nuevo Leon,Saltillo,02/07/2026,10,12937000,5956885,18893885,46.05%,2233
Noreste,San Luis,Ciudad Valles,02/07/2026,10,27255000,12793886,40048886,46.94%,4743
Noreste,San Luis,Matehuala,02/07/2026,10,7290000,3355272,10645272,46.03%,1255
Noreste,Tamaulipas,Altamira,02/07/2026,10,19065000,8779380,27844380,46.05%,3294
Noreste,Tamaulipas,Tampico Norte,02/07/2026,10,12821000,5892579,18713579,45.96%,2207
Noreste,Tampico,Tampico Centro,02/07/2026,10,28739000,13433799,42172799,46.74%,5068
Noreste,Tampico,Tampico Madero,02/07/2026,10,18411000,8599052,27010052,46.71%,3225
Pacifico,Digital Baja Sur,Loreto Digital,02/07/2026,10,341000,158513,499513,46.48%,58
Pacifico,Digital Baja Sur,Santa Rosalia Digital,02/07/2026,10,94000,42440,136440,45.15%,16
Pacifico,Digital Baja Sur,Vizcaino Digital,02/07/2026,10,35000,14070,49070,40.20%,5
Pacifico,Digital Sonora Norte 2,Cananea Digital,02/07/2026,10,292000,131432,423432,45.01%,49
Pacifico,Digital Sonora Norte 2,Imuris Digital,02/07/2026,10,213000,101412,314412,47.61%,38
Pacifico,Digital Sonora Norte 2,Nogales,02/07/2026,10,4711000,2229922,6940922,47.33%,846
Pacifico,Digital Sonora Norte 2,Santa Ana Digital,02/07/2026,10,365000,168853,533853,46.26%,63
Pacifico,La Paz 1,La Paz,02/07/2026,10,8139000,3772592,11911592,46.35%,1427
Pacifico,La Paz 1,La Paz 2,02/07/2026,10,9597000,4455359,14052359,46.42%,1700
Pacifico,La Paz 2,Cd.Constitución,02/07/2026,10,1726000,797258,2523258,46.19%,298
Pacifico,La Paz 2,La Paz 3,02/07/2026,10,2092000,977127,3069127,46.71%,368
Pacifico,La Paz 2,La Paz 4,02/07/2026,10,20000,8640,28640,43.20%,3
Pacifico,Los Cabos,Cabo San Lucas,02/07/2026,10,10256000,4838836,15094836,47.18%,1757
Pacifico,Los Cabos,San Jose Del Cabo,02/07/2026,10,15004000,7070163,22074163,47.12%,2596
Pacifico,Mazatlan,La Cruz,02/07/2026,10,5959000,2791358,8750358,46.84%,1042
Pacifico,Mazatlan,Mazatlán Centro,02/07/2026,10,9239000,4111171,13350171,44.50%,1584
Pacifico,Mazatlan,Rosario,02/07/2026,10,2078000,967813,3045813,46.57%,363
Pacifico,Obregon,Obregón Centro 1,02/07/2026,10,6151000,2784643,8935643,45.27%,1033
Pacifico,Obregon,Obregón Esperanza,02/07/2026,10,2150000,970078,3120078,45.12%,361
Pacifico,Obregon,Obregón Perisur,02/07/2026,10,4178000,1889692,6067692,45.23%,706
Pacifico,Sinaloa Centro,Culiacán Centro,02/07/2026,10,8281000,3815731,12096731,46.08%,1469
Pacifico,Sinaloa Centro,Culiacán San Isidro,02/07/2026,10,6339000,2907759,9246759,45.87%,1095
Pacifico,Sinaloa Centro,Guamuchil,02/07/2026,10,2127000,952772,3079772,44.79%,354
Pacifico,Sinaloa Sur 1,Costa Rica,02/07/2026,10,1851000,812941,2663941,43.92%,296
Pacifico,Sinaloa Sur 1,El Dorado,02/07/2026,10,1988000,904497,2892497,45.50%,331
Pacifico,Sinaloa Sur 1,Navolato,02/07/2026,10,3638000,1610134,5248134,44.26%,606
Pacifico,Sonora Centro,Empalme,02/07/2026,10,3651000,1710209,5361209,46.84%,652
Pacifico,Sonora Centro,Guaymas,02/07/2026,10,6432000,2940596,9372596,45.72%,1136
Pacifico,Sonora Centro,Hermosillo,02/07/2026,10,16053000,7676483,23729483,47.82%,2793
Pacifico,Sonora Centro,Hermosillo Digital,02/07/2026,10,,,,,
Pacifico,Sonora Norte 1,Caborca,02/07/2026,10,2735000,1274008,4009008,46.58%,462
Pacifico,Sonora Norte 1,Magdalena,02/07/2026,10,1385000,659127,2044127,47.59%,244
Pacifico,Sonora Sur,Huatabampo,02/07/2026,10,2361000,1074339,3435339,45.50%,406
Pacifico,Sonora Sur,Navojoa,02/07/2026,10,3930000,1809013,5739013,46.03%,680
Por Asignar,Por Asignar,Por Asignar,02/07/2026,10,5006000,2282675,7288675,45.60%,905
Sureste,Digital Veracruz Norte,Huachinango Digital,02/07/2026,10,83000,34770,117770,41.89%,13
Sureste,Digital Veracruz Norte,Martínez de la Torre Digital,02/07/2026,10,2075000,959997,3034997,46.26%,359
Sureste,Digital Veracruz Norte,Papantla Digital,02/07/2026,10,274000,128881,402881,47.04%,49
Sureste,Digital Veracruz Norte,Veracruz Digital,02/07/2026,10,1106000,500682,1606682,45.27%,182
Sureste,Tabasco Centro,Macuspana,02/07/2026,10,39747000,18540199,58287199,46.65%,6863
Sureste,Tabasco Centro,Teapa,02/07/2026,10,27016000,12362351,39378351,45.76%,4682
Sureste,Tabasco Centro,Villahermosa,02/07/2026,10,27777000,13067852,40844852,47.05%,4980
Sureste,Tabasco Centro,Villahermosa 2,02/07/2026,10,22836000,10620835,33456835,46.51%,4015
Sureste,Tabasco Norte,Cardenas,02/07/2026,10,24042000,11331058,35373058,47.13%,4223
Sureste,Tabasco Norte,Cardenas 2,02/07/2026,10,10901000,4940990,15841990,45.33%,1871
Sureste,Tabasco Norte,Comalcalco,02/07/2026,10,38693000,18258803,56951803,47.19%,6819
Sureste,Tabasco Norte,Paraiso,02/07/2026,10,25545000,12164555,37709555,47.62%,4504
Sureste,Veracruz Centro,Cordoba,02/07/2026,10,26511000,12443555,38954555,46.94%,4706
Sureste,Veracruz Centro,Orizaba,02/07/2026,10,31101000,14621103,45722103,47.01%,5433
Sureste,Veracruz Norte,Poza Rica,02/07/2026,10,20779000,9638541,30417541,46.39%,3562
Sureste,Veracruz Norte,Poza Rica 2,02/07/2026,10,16735000,7859530,24594530,46.96%,2935
Sureste,Veracruz Norte,Tuxpan,02/07/2026,10,21375000,10042391,31417391,46.98%,3768
Sureste,Veracruz Sur,Acayucan,02/07/2026,10,23985000,11152819,35137819,46.50%,4164
Sureste,Veracruz Sur,Coatzacoalcos,02/07/2026,10,19386000,9133489,28519489,47.11%,3413
Sureste,Veracruz Sur,Coatzacoalcos 2,02/07/2026,10,13464000,6320110,19784110,46.94%,2365
Sureste,Veracruz Sur,Minatitlán,02/07/2026,10,29942000,14010591,43952591,46.79%,5250
Sureste,Veracruz Sur,San Andres Tuxtla Digital,02/07/2026,10,,,,,
Baja Sonora Norte,Baja Norte,Ensenada,02/07/2026,12,31344000,17014012,48358012,54.28%,3828
Baja Sonora Norte,Baja Norte,Rosarito,02/07/2026,12,18695000,10201056,28896056,54.57%,2315
Baja Sonora Norte,Baja Norte,San Quintin,02/07/2026,12,1095000,605660,1700660,55.31%,141
Baja Sonora Norte,Baja Norte,Tecate,02/07/2026,12,12900000,7082096,19982096,54.90%,1522
Baja Sonora Norte,Baja Norte,Tijuana,02/07/2026,12,38223000,20917924,59140924,54.73%,4693
Baja Sonora Norte,Baja Norte,Tijuana 2,02/07/2026,12,24572000,13423488,37995488,54.63%,3066
Baja Sonora Norte,Mexicali,Mexicali,02/07/2026,12,13782000,7524176,21306176,54.59%,1748
Baja Sonora Norte,Mexicali,Puerto Peñasco,02/07/2026,12,14687000,8006676,22693676,54.52%,1906
Baja Sonora Norte,Mexicali,San Luis Rio Colorado,02/07/2026,12,33044000,18048912,51092912,54.62%,4127
Bajio,Digital Tecuala,Rosa Morada Digital,02/07/2026,12,200000,109192,309192,54.60%,29
Bajio,Digital Tecuala,Ruiz Digital,02/07/2026,12,220000,120392,340392,54.72%,30
Bajio,Digital Tecuala,Tecuala Digital,02/07/2026,12,7283000,3925184,11208184,53.90%,932
Bajio,Digital Tecuala,Tuxpan Nayarit Digital,02/07/2026,12,228000,124344,352344,54.54%,33
Bajio,Durango,Durango,02/07/2026,12,55912000,30043268,85955268,53.73%,7241
Bajio,Durango,El Salto,02/07/2026,12,16346000,8932432,25278432,54.65%,2024
Bajio,Morelia,Celaya,02/07/2026,12,68075000,37066552,105141552,54.45%,8852
Bajio,Morelia,Ejecutivo Patzcuaro,02/07/2026,12,6000,3120,9120,52.00%,1
Bajio,Morelia,Irapuato,02/07/2026,12,13084000,7110300,20194300,54.34%,1731
Bajio,Morelia,Morelia,02/07/2026,12,63373000,34329664,97702664,54.17%,8293
Bajio,Morelia,Uruapan,02/07/2026,12,48193000,26009632,74202632,53.97%,6365
Bajio,Santiago Papasquiaro Digital,Santiago Papasquiaro Digital,02/07/2026,12,1360000,747304,2107304,54.95%,185
Bajio,Sinaloa Sur 2,Acaponeta,02/07/2026,12,23469000,12626752,36095752,53.80%,2978
Bajio,Sinaloa Sur 2,Escuinapa,02/07/2026,12,57512000,31267728,88779728,54.37%,7629
Bajio,Sinaloa Sur 2,Santiago Ixcuintla,02/07/2026,12,20606000,11020628,31626628,53.48%,2782
Bajio,Tepic,Compostela,02/07/2026,12,6195000,3308504,9503504,53.41%,847
Bajio,Tepic,Ixtlan del Rio,02/07/2026,12,,,,,
Bajio,Tepic,Mezcales,02/07/2026,12,22429000,12161564,34590564,54.22%,2853
Bajio,Tepic,Tepic,02/07/2026,12,35076000,18664900,53740900,53.21%,4431
Bajio,Tepic,Vallarta,02/07/2026,12,31460000,17176988,48636988,54.60%,3831
Bajio,Zacatecas,Fresnillo,02/07/2026,12,23872000,12928712,36800712,54.16%,3148
Bajio,Zacatecas,Jerez,02/07/2026,12,7645000,4107948,11752948,53.73%,996
Bajio,Zacatecas,Rio Grande,02/07/2026,12,50291000,27136748,77427748,53.96%,6186
Bajio,Zacatecas,Zacatecas,02/07/2026,12,40493000,21685220,62178220,53.55%,5206
CERRADA,CERRADA,CERRADA,02/07/2026,12,3654000,1966636,5620636,53.82%,499
Chihuahua,Chihuahua Centro,Chihuahua Centro,02/07/2026,12,31072000,16604088,47676088,53.44%,4214
Chihuahua,Chihuahua Centro,Cuauhtemoc,02/07/2026,12,32694000,17832684,50526684,54.54%,4253
Chihuahua,Chihuahua Centro,Parral,02/07/2026,12,39194000,21170184,60364184,54.01%,5264
Chihuahua,Chihuahua Norte,Casas Grandes,02/07/2026,12,15069000,8221644,23290644,54.56%,2019
Chihuahua,Chihuahua Norte,Cd. Juárez,02/07/2026,12,56105000,30355940,86460940,54.11%,7349
Chihuahua,Chihuahua Norte,Cd. Juárez 2,02/07/2026,12,34690000,18947008,53637008,54.62%,4540
Chihuahua,Chihuahua Sur,Camargo,02/07/2026,12,19205000,10395452,29600452,54.13%,2538
Chihuahua,Chihuahua Sur,Delicias,02/07/2026,12,23689000,12630816,36319816,53.32%,3353
Chihuahua,Chihuahua Sur,Jimenez,02/07/2026,12,17507000,9354336,26861336,53.43%,2481
Chihuahua,Chihuahua Sur,Meoqui,02/07/2026,12,14222000,7611900,21833900,53.52%,1927
Digital Suroeste,Digital Chiapas,Comitan Digital,02/07/2026,12,1810000,997312,2807312,55.10%,231
Digital Suroeste,Digital Chiapas,Tonala Digital,02/07/2026,12,1431000,760988,2191988,53.18%,242
Digital Suroeste,Digital Chiapas,Villa Flores Digital,02/07/2026,12,572000,306144,878144,53.52%,84
Digital Suroeste,Digital Guerrero,Acapulco Digital,02/07/2026,12,552000,301848,853848,54.68%,72
Digital Suroeste,Digital Guerrero,Chilpancingo Digital,02/07/2026,12,569000,309740,878740,54.44%,74
Digital Suroeste,Digital Guerrero,Coyuca de Benitez Digital,02/07/2026,12,697000,383780,1080780,55.06%,89
Digital Suroeste,Digital Guerrero,Iguala Digital,02/07/2026,12,716000,398368,1114368,55.64%,90
Digital Suroeste,Digital Oaxaca,Ixtepec Digital,02/07/2026,12,2719000,1467580,4186580,53.97%,386
Digital Suroeste,Digital Oaxaca,Juchitan Digital,02/07/2026,12,3868000,2102860,5970860,54.37%,516
Digital Suroeste,Digital Oaxaca,Matias Romero Digital,02/07/2026,12,1569000,869684,2438684,55.43%,199
Digital Suroeste,Digital Oaxaca,Tehuantepec Digital,02/07/2026,12,2242000,1235188,3477188,55.09%,292
Digital Suroeste,Digital Oaxaca Costa,Huatulco Digital,02/07/2026,12,112000,62384,174384,55.70%,14
Digital Suroeste,Digital Oaxaca Costa,Pinotepa Nacional Digital,02/07/2026,12,585000,322700,907700,55.16%,76
Digital Suroeste,Digital Oaxaca Costa,Puerto Escondido Digital,02/07/2026,12,278000,153520,431520,55.22%,37
Digital Suroeste,Digital Oaxaca Costa,Salina Cruz Digital,02/07/2026,12,1183000,652668,1835668,55.17%,154
Noreste,Coahuila,Guadalupe Victoria,02/07/2026,12,17324000,9494168,26818168,54.80%,2151
Noreste,Coahuila,Parras,02/07/2026,12,5243000,2850460,8093460,54.37%,652
Noreste,Coahuila,San Pedro,02/07/2026,12,13720000,7460364,21180364,54.38%,1731
Noreste,Coahuila Norte,Acuña,02/07/2026,12,38022000,20738580,58760580,54.54%,4666
Noreste,Coahuila Norte,Monclova,02/07/2026,12,63955000,34962472,98917472,54.67%,7680
Noreste,Coahuila Norte,Piedras Negras,02/07/2026,12,37644000,20542344,58186344,54.57%,4736
Noreste,Digital San Luis,Cd Mante Digital,02/07/2026,12,2669000,1463988,4132988,54.85%,347
Noreste,Digital San Luis,Cd Victoria Digital,02/07/2026,12,2163000,1188512,3351512,54.95%,286
Noreste,Digital San Luis,San Luis Potosi Digital,02/07/2026,12,5426000,2973020,8399020,54.79%,691
Noreste,Reynosa Digital,Matamoros Digital,02/07/2026,12,,,,,
Noreste,Reynosa Digital,Reynosa Digital,02/07/2026,12,37000,20444,57444,55.25%,5
Noreste,Saltillo/Nuevo Leon,Cadereyta,02/07/2026,12,26586000,14467236,41053236,54.42%,3364
Noreste,Saltillo/Nuevo Leon,Linares,02/07/2026,12,18504000,9867320,28371320,53.33%,2603
Noreste,Saltillo/Nuevo Leon,Saltillo,02/07/2026,12,56861000,30704672,87565672,54.00%,7504
Noreste,San Luis,Ciudad Valles,02/07/2026,12,34978000,19282284,54260284,55.13%,4126
Noreste,San Luis,Matehuala,02/07/2026,12,35836000,19299628,55135628,53.86%,4910
Noreste,Tamaulipas,Altamira,02/07/2026,12,98019000,52626192,150645192,53.69%,12576
Noreste,Tamaulipas,Tampico Norte,02/07/2026,12,70022000,37458372,107480372,53.50%,8870
Noreste,Tampico,Tampico Centro,02/07/2026,12,158696000,85720404,244416404,54.02%,20364
Noreste,Tampico,Tampico Madero,02/07/2026,12,91743000,49593016,141336016,54.06%,11952
Pacifico,Digital Baja Sur,Loreto Digital,02/07/2026,12,1909000,1044272,2953272,54.70%,262
Pacifico,Digital Baja Sur,Santa Rosalia Digital,02/07/2026,12,1131000,619468,1750468,54.77%,154
Pacifico,Digital Baja Sur,Vizcaino Digital,02/07/2026,12,366000,203088,569088,55.49%,47
Pacifico,Digital Sonora Norte 2,Cananea Digital,02/07/2026,12,2119000,1149184,3268184,54.23%,286
Pacifico,Digital Sonora Norte 2,Imuris Digital,02/07/2026,12,2790000,1507192,4297192,54.02%,326
Pacifico,Digital Sonora Norte 2,Nogales,02/07/2026,12,35883000,19643868,55526868,54.74%,4499
Pacifico,Digital Sonora Norte 2,Santa Ana Digital,02/07/2026,12,3554000,1926316,5480316,54.20%,437
Pacifico,La Paz 1,La Paz,02/07/2026,12,70391000,37712804,108103804,53.58%,8522
Pacifico,La Paz 1,La Paz 2,02/07/2026,12,63847000,34212804,98059804,53.59%,7833
Pacifico,La Paz 2,Cd.Constitución,02/07/2026,12,21860000,11863956,33723956,54.27%,2722
Pacifico,La Paz 2,La Paz 3,02/07/2026,12,20570000,11077236,31647236,53.85%,2459
Pacifico,La Paz 2,La Paz 4,02/07/2026,12,152000,82780,234780,54.46%,18
Pacifico,Los Cabos,Cabo San Lucas,02/07/2026,12,77606000,42464828,120070828,54.72%,9124
Pacifico,Los Cabos,San Jose Del Cabo,02/07/2026,12,76436000,41658340,118094340,54.50%,8798
Pacifico,Mazatlan,La Cruz,02/07/2026,12,30051000,16264600,46315600,54.12%,3700
Pacifico,Mazatlan,Mazatlán Centro,02/07/2026,12,74224000,39648372,113872372,53.42%,9891
Pacifico,Mazatlan,Rosario,02/07/2026,12,28101000,15217116,43318116,54.15%,3714
Pacifico,Obregon,Obregón Centro 1,02/07/2026,12,40278000,21425700,61703700,53.19%,5214
Pacifico,Obregon,Obregón Esperanza,02/07/2026,12,16788000,8873116,25661116,52.85%,2117
Pacifico,Obregon,Obregón Perisur,02/07/2026,12,24826000,13161260,37987260,53.01%,3291
Pacifico,Sinaloa Centro,Culiacán Centro,02/07/2026,12,51314000,27556864,78870864,53.70%,6639
Pacifico,Sinaloa Centro,Culiacán San Isidro,02/07/2026,12,42173000,22607352,64780352,53.61%,5372
Pacifico,Sinaloa Centro,Guamuchil,02/07/2026,12,16178000,8629008,24807008,53.34%,2022
Pacifico,Sinaloa Sur 1,Costa Rica,02/07/2026,12,12436000,6722688,19158688,54.06%,1609
Pacifico,Sinaloa Sur 1,El Dorado,02/07/2026,12,17347000,9372420,26719420,54.03%,2218
Pacifico,Sinaloa Sur 1,Navolato,02/07/2026,12,21794000,11570340,33364340,53.09%,2917
Pacifico,Sonora Centro,Empalme,02/07/2026,12,29195000,15605304,44800304,53.45%,3731
Pacifico,Sonora Centro,Guaymas,02/07/2026,12,40027000,21393684,61420684,53.45%,5086
Pacifico,Sonora Centro,Hermosillo,02/07/2026,12,32920000,17707020,50627020,53.79%,4158
Pacifico,Sonora Centro,Hermosillo Digital,02/07/2026,12,16000,8912,24912,55.70%,2
Pacifico,Sonora Norte 1,Caborca,02/07/2026,12,21148000,11302404,32450404,53.44%,2676
Pacifico,Sonora Norte 1,Magdalena,02/07/2026,12,11685000,6316256,18001256,54.05%,1486
Pacifico,Sonora Sur,Huatabampo,02/07/2026,12,16265000,8660944,24925944,53.25%,2141
Pacifico,Sonora Sur,Navojoa,02/07/2026,12,19601000,10368724,29969724,52.90%,2684
Por Asignar,Por Asignar,Por Asignar,02/07/2026,12,7230000,3877328,11107328,53.63%,1033
Sureste,Digital Veracruz Norte,Huachinango Digital,02/07/2026,12,418000,230512,648512,55.15%,54
Sureste,Digital Veracruz Norte,Martínez de la Torre Digital,02/07/2026,12,7110000,3886336,10996336,54.66%,936
Sureste,Digital Veracruz Norte,Papantla Digital,02/07/2026,12,1001000,547708,1548708,54.72%,136
Sureste,Digital Veracruz Norte,Veracruz Digital,02/07/2026,12,1920000,1050456,2970456,54.71%,261
Sureste,Tabasco Centro,Macuspana,02/07/2026,12,75070000,41115828,116185828,54.77%,8923
Sureste,Tabasco Centro,Teapa,02/07/2026,12,52240000,28410496,80650496,54.38%,6446
Sureste,Tabasco Centro,Villahermosa,02/07/2026,12,75455000,41004976,116459976,54.34%,10025
Sureste,Tabasco Centro,Villahermosa 2,02/07/2026,12,39543000,21599140,61142140,54.62%,4807
Sureste,Tabasco Norte,Cardenas,02/07/2026,12,74019000,39932024,113951024,53.95%,9867
Sureste,Tabasco Norte,Cardenas 2,02/07/2026,12,40150000,21909044,62059044,54.57%,5486
Sureste,Tabasco Norte,Comalcalco,02/07/2026,12,85355000,46472648,131827648,54.45%,10964
Sureste,Tabasco Norte,Paraiso,02/07/2026,12,67495000,36896816,104391816,54.67%,8660
Sureste,Veracruz Centro,Cordoba,02/07/2026,12,57514000,31232692,88746692,54.30%,7737
Sureste,Veracruz Centro,Orizaba,02/07/2026,12,81418000,44051724,125469724,54.11%,10819
Sureste,Veracruz Norte,Poza Rica,02/07/2026,12,73212000,39555568,112767568,54.03%,9104
Sureste,Veracruz Norte,Poza Rica 2,02/07/2026,12,55229000,30287964,85516964,54.84%,7153
Sureste,Veracruz Norte,Tuxpan,02/07/2026,12,50372000,27339212,77711212,54.27%,6206
Sureste,Veracruz Sur,Acayucan,02/07/2026,12,47342000,25699328,73041328,54.28%,6054
Sureste,Veracruz Sur,Coatzacoalcos,02/07/2026,12,77380000,41943272,119323272,54.20%,9758
Sureste,Veracruz Sur,Coatzacoalcos 2,02/07/2026,12,53185000,29230112,82415112,54.96%,7054
Sureste,Veracruz Sur,Minatitlán,02/07/2026,12,75627000,41131640,116758640,54.39%,9996
Sureste,Veracruz Sur,San Andres Tuxtla Digital,02/07/2026,12,16000,8912,24912,55.70%,2
Baja Sonora Norte,Baja Norte,Ensenada,02/07/2026,14,27338000,17132724,44470724,62.67%,3503
Baja Sonora Norte,Baja Norte,Rosarito,02/07/2026,14,7631000,4758021,12389021,62.35%,1058
Baja Sonora Norte,Baja Norte,San Quintin,02/07/2026,14,634000,405933,1039933,64.03%,84
Baja Sonora Norte,Baja Norte,Tecate,02/07/2026,14,5502000,3515862,9017862,63.90%,665
Baja Sonora Norte,Baja Norte,Tijuana,02/07/2026,14,21921000,13897408,35818408,63.40%,2833
Baja Sonora Norte,Baja Norte,Tijuana 2,02/07/2026,14,12448000,7891990,20339990,63.40%,1631
Baja Sonora Norte,Mexicali,Mexicali,02/07/2026,14,8471000,5348445,13819445,63.14%,1148
Baja Sonora Norte,Mexicali,Puerto Peñasco,02/07/2026,14,8118000,5091176,13209176,62.71%,1020
Baja Sonora Norte,Mexicali,San Luis Rio Colorado,02/07/2026,14,17572000,11142482,28714482,63.41%,2376
Bajio,Digital Tecuala,Rosa Morada Digital,02/07/2026,14,268000,163839,431839,61.13%,40
Bajio,Digital Tecuala,Ruiz Digital,02/07/2026,14,262000,163701,425701,62.48%,41
Bajio,Digital Tecuala,Tecuala Digital,02/07/2026,14,148000,93975,241975,63.50%,18
Bajio,Digital Tecuala,Tuxpan Nayarit Digital,02/07/2026,14,219000,138338,357338,63.17%,32
Bajio,Durango,Durango,02/07/2026,14,28392000,17556263,45948263,61.84%,3740
Bajio,Durango,El Salto,02/07/2026,14,2952000,1863262,4815262,63.12%,391
Bajio,Morelia,Celaya,02/07/2026,14,27784000,17354676,45138676,62.46%,3675
Bajio,Morelia,Ejecutivo Patzcuaro,02/07/2026,14,36000,23641,59641,65.67%,4
Bajio,Morelia,Irapuato,02/07/2026,14,10585000,6650676,17235676,62.83%,1413
Bajio,Morelia,Morelia,02/07/2026,14,37495000,23437656,60932656,62.51%,4972
Bajio,Morelia,Uruapan,02/07/2026,14,27356000,17068705,44424705,62.39%,3624
Bajio,Santiago Papasquiaro Digital,Santiago Papasquiaro Digital,02/07/2026,14,743000,470976,1213976,63.39%,105
Bajio,Sinaloa Sur 2,Acaponeta,02/07/2026,14,396000,247983,643983,62.62%,45
Bajio,Sinaloa Sur 2,Escuinapa,02/07/2026,14,3609000,2196106,5805106,60.85%,408
Bajio,Sinaloa Sur 2,Santiago Ixcuintla,02/07/2026,14,426000,260314,686314,61.11%,49
Bajio,Tepic,Compostela,02/07/2026,14,4756000,2954036,7710036,62.11%,676
Bajio,Tepic,Ixtlan del Rio,02/07/2026,14,,,,,
Bajio,Tepic,Mezcales,02/07/2026,14,9617000,6051417,15668417,62.92%,1269
Bajio,Tepic,Tepic,02/07/2026,14,20293000,12530367,32823367,61.75%,2565
Bajio,Tepic,Vallarta,02/07/2026,14,12715000,8033724,20748724,63.18%,1628
Bajio,Zacatecas,Fresnillo,02/07/2026,14,13643000,8514530,22157530,62.41%,1808
Bajio,Zacatecas,Jerez,02/07/2026,14,15955000,10023467,25978467,62.82%,2210
Bajio,Zacatecas,Rio Grande,02/07/2026,14,11636000,7281753,18917753,62.58%,1362
Bajio,Zacatecas,Zacatecas,02/07/2026,14,21881000,13693855,35574855,62.58%,2812
CERRADA,CERRADA,CERRADA,02/07/2026,14,1440000,903394,2343394,62.74%,200
Chihuahua,Chihuahua Centro,Chihuahua Centro,02/07/2026,14,34830000,21589893,56419893,61.99%,4955
Chihuahua,Chihuahua Centro,Cuauhtemoc,02/07/2026,14,29245000,18448040,47693040,63.08%,4024
Chihuahua,Chihuahua Centro,Parral,02/07/2026,14,16175000,10056096,26231096,62.17%,2225
Chihuahua,Chihuahua Norte,Casas Grandes,02/07/2026,14,33882000,21481974,55363974,63.40%,4709
Chihuahua,Chihuahua Norte,Cd. Juárez,02/07/2026,14,58639000,36716168,95355168,62.61%,8099
Chihuahua,Chihuahua Norte,Cd. Juárez 2,02/07/2026,14,27290000,17225201,44515201,63.12%,3723
Chihuahua,Chihuahua Sur,Camargo,02/07/2026,14,24972000,15704016,40676016,62.89%,3454
Chihuahua,Chihuahua Sur,Delicias,02/07/2026,14,30732000,18959411,49691411,61.69%,4481
Chihuahua,Chihuahua Sur,Jimenez,02/07/2026,14,19160000,11818746,30978746,61.68%,2701
Chihuahua,Chihuahua Sur,Meoqui,02/07/2026,14,21415000,13284282,34699282,62.03%,3038
Digital Suroeste,Digital Chiapas,Comitan Digital,02/07/2026,14,342000,218953,560953,64.02%,45
Digital Suroeste,Digital Chiapas,Tonala Digital,02/07/2026,14,275000,167673,442673,60.97%,35
Digital Suroeste,Digital Chiapas,Villa Flores Digital,02/07/2026,14,191000,122632,313632,64.21%,26
Digital Suroeste,Digital Guerrero,Acapulco Digital,02/07/2026,14,283000,179138,462138,63.30%,39
Digital Suroeste,Digital Guerrero,Chilpancingo Digital,02/07/2026,14,269000,170167,439167,63.26%,36
Digital Suroeste,Digital Guerrero,Coyuca de Benitez Digital,02/07/2026,14,273000,174309,447309,63.85%,38
Digital Suroeste,Digital Guerrero,Iguala Digital,02/07/2026,14,96000,61629,157629,64.20%,13
Digital Suroeste,Digital Oaxaca,Ixtepec Digital,02/07/2026,14,2089000,1330248,3419248,63.68%,279
Digital Suroeste,Digital Oaxaca,Juchitan Digital,02/07/2026,14,1300000,833429,2133429,64.11%,171
Digital Suroeste,Digital Oaxaca,Matias Romero Digital,02/07/2026,14,109000,70622,179622,64.79%,14
Digital Suroeste,Digital Oaxaca,Tehuantepec Digital,02/07/2026,14,566000,364409,930409,64.38%,75
Digital Suroeste,Digital Oaxaca Costa,Huatulco Digital,02/07/2026,14,,,,,
Digital Suroeste,Digital Oaxaca Costa,Pinotepa Nacional Digital,02/07/2026,14,279000,177127,456127,63.49%,40
Digital Suroeste,Digital Oaxaca Costa,Puerto Escondido Digital,02/07/2026,14,75000,46970,121970,62.63%,12
Digital Suroeste,Digital Oaxaca Costa,Salina Cruz Digital,02/07/2026,14,297000,189913,486913,63.94%,41
Noreste,Coahuila,Guadalupe Victoria,02/07/2026,14,4610000,2943707,7553707,63.85%,594
Noreste,Coahuila,Parras,02/07/2026,14,4944000,3122294,8066294,63.15%,659
Noreste,Coahuila,San Pedro,02/07/2026,14,8977000,5667459,14644459,63.13%,1217
Noreste,Coahuila Norte,Acuña,02/07/2026,14,26425000,16851789,43276789,63.77%,3155
Noreste,Coahuila Norte,Monclova,02/07/2026,14,13794000,8471519,22265519,61.41%,1451
Noreste,Coahuila Norte,Piedras Negras,02/07/2026,14,19859000,12581798,32440798,63.36%,2542
Noreste,Digital San Luis,Cd Mante Digital,02/07/2026,14,2508000,1599936,4107936,63.79%,335
Noreste,Digital San Luis,Cd Victoria Digital,02/07/2026,14,1647000,1048003,2695003,63.63%,220
Noreste,Digital San Luis,San Luis Potosi Digital,02/07/2026,14,1052000,668598,1720598,63.55%,138
Noreste,Reynosa Digital,Matamoros Digital,02/07/2026,14,30000,19225,49225,64.08%,4
Noreste,Reynosa Digital,Reynosa Digital,02/07/2026,14,25000,15432,40432,61.73%,4
Noreste,Saltillo/Nuevo Leon,Cadereyta,02/07/2026,14,14999000,9472075,24471075,63.15%,2016
Noreste,Saltillo/Nuevo Leon,Linares,02/07/2026,14,4295000,2682270,6977270,62.45%,504
Noreste,Saltillo/Nuevo Leon,Saltillo,02/07/2026,14,7514000,4656592,12170592,61.97%,1072
Noreste,San Luis,Ciudad Valles,02/07/2026,14,581000,370110,951110,63.70%,69
Noreste,San Luis,Matehuala,02/07/2026,14,19421000,12134501,31555501,62.48%,2662
Noreste,Tamaulipas,Altamira,02/07/2026,14,18643000,11674795,30317795,62.62%,2244
Noreste,Tamaulipas,Tampico Norte,02/07/2026,14,15811000,9760664,25571664,61.73%,1966
Noreste,Tampico,Tampico Centro,02/07/2026,14,20149000,12431578,32580578,61.70%,2268
Noreste,Tampico,Tampico Madero,02/07/2026,14,19004000,11744150,30748150,61.80%,2438
Pacifico,Digital Baja Sur,Loreto Digital,02/07/2026,14,1364000,861801,2225801,63.18%,196
Pacifico,Digital Baja Sur,Santa Rosalia Digital,02/07/2026,14,1417000,898450,2315450,63.41%,195
Pacifico,Digital Baja Sur,Vizcaino Digital,02/07/2026,14,145000,92667,237667,63.91%,20
Pacifico,Digital Sonora Norte 2,Cananea Digital,02/07/2026,14,7462000,4681148,12143148,62.73%,1015
Pacifico,Digital Sonora Norte 2,Imuris Digital,02/07/2026,14,6428000,4072059,10500059,63.35%,823
Pacifico,Digital Sonora Norte 2,Nogales,02/07/2026,14,22530000,14278710,36808710,63.38%,2871
Pacifico,Digital Sonora Norte 2,Santa Ana Digital,02/07/2026,14,5961000,3763396,9724396,63.13%,797
Pacifico,La Paz 1,La Paz,02/07/2026,14,38573000,23877097,62450097,61.90%,4792
Pacifico,La Paz 1,La Paz 2,02/07/2026,14,36966000,22863768,59829768,61.85%,4671
Pacifico,La Paz 2,Cd.Constitución,02/07/2026,14,22048000,13957569,36005569,63.31%,2921
Pacifico,La Paz 2,La Paz 3,02/07/2026,14,11221000,6947406,18168406,61.91%,1369
Pacifico,La Paz 2,La Paz 4,02/07/2026,14,19000,11814,30814,62.18%,3
Pacifico,Los Cabos,Cabo San Lucas,02/07/2026,14,3526000,2183927,5709927,61.94%,391
Pacifico,Los Cabos,San Jose Del Cabo,02/07/2026,14,1676000,1031627,2707627,61.55%,201
Pacifico,Mazatlan,La Cruz,02/07/2026,14,10818000,6761512,17579512,62.50%,1379
Pacifico,Mazatlan,Mazatlán Centro,02/07/2026,14,11012000,6728133,17740133,61.10%,1292
Pacifico,Mazatlan,Rosario,02/07/2026,14,6136000,3830660,9966660,62.43%,707
Pacifico,Obregon,Obregón Centro 1,02/07/2026,14,40333000,24792494,65125494,61.47%,5531
Pacifico,Obregon,Obregón Esperanza,02/07/2026,14,16993000,10428599,27421599,61.37%,2346
Pacifico,Obregon,Obregón Perisur,02/07/2026,14,30965000,18974142,49939142,61.28%,4326
Pacifico,Sinaloa Centro,Culiacán Centro,02/07/2026,14,30111000,18663678,48774678,61.98%,3941
Pacifico,Sinaloa Centro,Culiacán San Isidro,02/07/2026,14,29829000,18448738,48277738,61.85%,3944
Pacifico,Sinaloa Centro,Guamuchil,02/07/2026,14,16656000,10313922,26969922,61.92%,2293
Pacifico,Sinaloa Sur 1,Costa Rica,02/07/2026,14,21218000,13360840,34578840,62.97%,2822
Pacifico,Sinaloa Sur 1,El Dorado,02/07/2026,14,13122000,8238337,21360337,62.78%,1770
Pacifico,Sinaloa Sur 1,Navolato,02/07/2026,14,17095000,10407086,27502086,60.88%,2424
Pacifico,Sonora Centro,Empalme,02/07/2026,14,23789000,14744801,38533801,61.98%,3101
Pacifico,Sonora Centro,Guaymas,02/07/2026,14,26214000,16253577,42467577,62.00%,3418
Pacifico,Sonora Centro,Hermosillo,02/07/2026,14,34196000,21342054,55538054,62.41%,4471
Pacifico,Sonora Centro,Hermosillo Digital,02/07/2026,14,40000,26012,66012,65.03%,5
Pacifico,Sonora Norte 1,Caborca,02/07/2026,14,31964000,19746133,51710133,61.78%,4476
Pacifico,Sonora Norte 1,Magdalena,02/07/2026,14,23301000,14724741,38025741,63.19%,3127
Pacifico,Sonora Sur,Huatabampo,02/07/2026,14,17428000,10783961,28211961,61.88%,2368
Pacifico,Sonora Sur,Navojoa,02/07/2026,14,26000000,15949670,41949670,61.34%,3717
Por Asignar,Por Asignar,Por Asignar,02/07/2026,14,3082000,1879208,4961208,60.97%,481
Sureste,Digital Veracruz Norte,Huachinango Digital,02/07/2026,14,159000,101485,260485,63.83%,22
Sureste,Digital Veracruz Norte,Martínez de la Torre Digital,02/07/2026,14,2799000,1778955,4577955,63.56%,370
Sureste,Digital Veracruz Norte,Papantla Digital,02/07/2026,14,351000,222448,573448,63.38%,48
Sureste,Digital Veracruz Norte,Veracruz Digital,02/07/2026,14,782000,503406,1285406,64.37%,102
Sureste,Tabasco Centro,Macuspana,02/07/2026,14,831000,512814,1343814,61.71%,95
Sureste,Tabasco Centro,Teapa,02/07/2026,14,2074000,1251915,3325915,60.36%,219
Sureste,Tabasco Centro,Villahermosa,02/07/2026,14,16575000,10386237,26961237,62.66%,2244
Sureste,Tabasco Centro,Villahermosa 2,02/07/2026,14,2640000,1648279,4288279,62.43%,322
Sureste,Tabasco Norte,Cardenas,02/07/2026,14,20041000,12409818,32450818,61.92%,2644
Sureste,Tabasco Norte,Cardenas 2,02/07/2026,14,10023000,6309913,16332913,62.95%,1381
Sureste,Tabasco Norte,Comalcalco,02/07/2026,14,8912000,5568663,14480663,62.49%,1089
Sureste,Tabasco Norte,Paraiso,02/07/2026,14,5518000,3449184,8967184,62.51%,712
Sureste,Veracruz Centro,Cordoba,02/07/2026,14,21169000,13337811,34506811,63.01%,2857
Sureste,Veracruz Centro,Orizaba,02/07/2026,14,20577000,12829019,33406019,62.35%,2655
Sureste,Veracruz Norte,Poza Rica,02/07/2026,14,6780000,4140652,10920652,61.07%,759
Sureste,Veracruz Norte,Poza Rica 2,02/07/2026,14,1752000,1061991,2813991,60.62%,191
Sureste,Veracruz Norte,Tuxpan,02/07/2026,14,18010000,11336905,29346905,62.95%,2174
Sureste,Veracruz Sur,Acayucan,02/07/2026,14,8242000,5125006,13367006,62.18%,1109
Sureste,Veracruz Sur,Coatzacoalcos,02/07/2026,14,24725000,15403219,40128219,62.30%,3122
Sureste,Veracruz Sur,Coatzacoalcos 2,02/07/2026,14,7722000,4894108,12616108,63.38%,1031
Sureste,Veracruz Sur,Minatitlán,02/07/2026,14,13431000,8416406,21847406,62.66%,1838
Sureste,Veracruz Sur,San Andres Tuxtla Digital,02/07/2026,14,38000,24428,62428,64.28%,5
Baja Sonora Norte,Baja Norte,Ensenada,02/07/2026,16,4679000,3038080,7717080,64.93%,426
Baja Sonora Norte,Baja Norte,Rosarito,02/07/2026,16,2054000,1321289,3375289,64.33%,191
Baja Sonora Norte,Baja Norte,San Quintin,02/07/2026,16,35000,19600,54600,56.00%,5
Baja Sonora Norte,Baja Norte,Tecate,02/07/2026,16,1052000,667669,1719669,63.47%,100
Baja Sonora Norte,Baja Norte,Tijuana,02/07/2026,16,3760000,2433194,6193194,64.71%,347
Baja Sonora Norte,Baja Norte,Tijuana 2,02/07/2026,16,2556000,1662427,4218427,65.04%,231
Baja Sonora Norte,Mexicali,Mexicali,02/07/2026,16,1918000,1245128,3163128,64.92%,176
Baja Sonora Norte,Mexicali,Puerto Peñasco,02/07/2026,16,514000,331638,845638,64.52%,51
Baja Sonora Norte,Mexicali,San Luis Rio Colorado,02/07/2026,16,4156000,2696109,6852109,64.87%,385
Bajio,Digital Tecuala,Rosa Morada Digital,02/07/2026,16,8000,4480,12480,56.00%,1
Bajio,Digital Tecuala,Ruiz Digital,02/07/2026,16,6000,3360,9360,56.00%,1
Bajio,Digital Tecuala,Tecuala Digital,02/07/2026,16,,,,,
Bajio,Digital Tecuala,Tuxpan Nayarit Digital,02/07/2026,16,18000,8320,26320,46.22%,2
Bajio,Durango,Durango,02/07/2026,16,3577000,2330880,5907880,65.16%,322
Bajio,Durango,El Salto,02/07/2026,16,486000,314408,800408,64.69%,44
Bajio,Morelia,Celaya,02/07/2026,16,4170000,2685414,6855414,64.40%,401
Bajio,Morelia,Ejecutivo Patzcuaro,02/07/2026,16,,,,,
Bajio,Morelia,Irapuato,02/07/2026,16,1316000,835562,2151562,63.49%,123
Bajio,Morelia,Morelia,02/07/2026,16,5273000,3422560,8695560,64.91%,518
Bajio,Morelia,Uruapan,02/07/2026,16,4399000,2856960,7255960,64.95%,416
Bajio,Santiago Papasquiaro Digital,Santiago Papasquiaro Digital,02/07/2026,16,42000,22720,64720,54.10%,5
Bajio,Sinaloa Sur 2,Acaponeta,02/07/2026,16,12000,7711,19711,64.26%,1
Bajio,Sinaloa Sur 2,Escuinapa,02/07/2026,16,4902000,3170545,8072545,64.68%,464
Bajio,Sinaloa Sur 2,Santiago Ixcuintla,02/07/2026,16,10000,6848,16848,68.48%,1
Bajio,Tepic,Compostela,02/07/2026,16,1063000,687007,1750007,64.63%,97
Bajio,Tepic,Ixtlan del Rio,02/07/2026,16,,,,,
Bajio,Tepic,Mezcales,02/07/2026,16,2078000,1333671,3411671,64.18%,195
Bajio,Tepic,Tepic,02/07/2026,16,2760000,1878160,4638160,68.05%,288
Bajio,Tepic,Vallarta,02/07/2026,16,2928000,1917915,4845915,65.50%,267
Bajio,Zacatecas,Fresnillo,02/07/2026,16,1708000,1108956,2816956,64.93%,155
Bajio,Zacatecas,Jerez,02/07/2026,16,4325000,2764807,7089807,63.93%,404
Bajio,Zacatecas,Rio Grande,02/07/2026,16,4410000,2849227,7259227,64.61%,390
Bajio,Zacatecas,Zacatecas,02/07/2026,16,3712000,2429360,6141360,65.45%,334
CERRADA,CERRADA,CERRADA,02/07/2026,16,16000,8960,24960,56.00%,2
Chihuahua,Chihuahua Centro,Chihuahua Centro,02/07/2026,16,9553000,6173200,15726200,64.62%,987
Chihuahua,Chihuahua Centro,Cuauhtemoc,02/07/2026,16,5365000,3462313,8827313,64.54%,574
Chihuahua,Chihuahua Centro,Parral,02/07/2026,16,2907000,1915728,4822728,65.90%,292
Chihuahua,Chihuahua Norte,Casas Grandes,02/07/2026,16,5646000,3716991,9362991,65.83%,636
Chihuahua,Chihuahua Norte,Cd. Juárez,02/07/2026,16,9532000,5999200,15531200,62.94%,963
Chihuahua,Chihuahua Norte,Cd. Juárez 2,02/07/2026,16,6145000,4122121,10267121,67.08%,695
Chihuahua,Chihuahua Sur,Camargo,02/07/2026,16,7437000,4950968,12387968,66.57%,798
Chihuahua,Chihuahua Sur,Delicias,02/07/2026,16,9656000,6402479,16058479,66.31%,1056
Chihuahua,Chihuahua Sur,Jimenez,02/07/2026,16,2106000,1358780,3464780,64.52%,215
Chihuahua,Chihuahua Sur,Meoqui,02/07/2026,16,6937000,4602113,11539113,66.34%,739
Digital Suroeste,Digital Chiapas,Comitan Digital,02/07/2026,16,24000,13440,37440,56.00%,3
Digital Suroeste,Digital Chiapas,Tonala Digital,02/07/2026,16,32000,17920,49920,56.00%,4
Digital Suroeste,Digital Chiapas,Villa Flores Digital,02/07/2026,16,16000,8960,24960,56.00%,2
Digital Suroeste,Digital Guerrero,Acapulco Digital,02/07/2026,16,16000,8960,24960,56.00%,2
Digital Suroeste,Digital Guerrero,Chilpancingo Digital,02/07/2026,16,,,,,
Digital Suroeste,Digital Guerrero,Coyuca de Benitez Digital,02/07/2026,16,8000,4480,12480,56.00%,1
Digital Suroeste,Digital Guerrero,Iguala Digital,02/07/2026,16,24000,13440,37440,56.00%,3
Digital Suroeste,Digital Oaxaca,Ixtepec Digital,02/07/2026,16,109000,66032,175032,60.58%,13
Digital Suroeste,Digital Oaxaca,Juchitan Digital,02/07/2026,16,8000,4480,12480,56.00%,1
Digital Suroeste,Digital Oaxaca,Matias Romero Digital,02/07/2026,16,,,,,
Digital Suroeste,Digital Oaxaca,Tehuantepec Digital,02/07/2026,16,16000,8960,24960,56.00%,2
Digital Suroeste,Digital Oaxaca Costa,Huatulco Digital,02/07/2026,16,,,,,
Digital Suroeste,Digital Oaxaca Costa,Pinotepa Nacional Digital,02/07/2026,16,,,,,
Digital Suroeste,Digital Oaxaca Costa,Puerto Escondido Digital,02/07/2026,16,,,,,
Digital Suroeste,Digital Oaxaca Costa,Salina Cruz Digital,02/07/2026,16,,,,,
Noreste,Coahuila,Guadalupe Victoria,02/07/2026,16,657000,431935,1088935,65.74%,64
Noreste,Coahuila,Parras,02/07/2026,16,536000,343767,879767,64.14%,55
Noreste,Coahuila,San Pedro,02/07/2026,16,1821000,1174320,2995320,64.49%,174
Noreste,Coahuila Norte,Acuña,02/07/2026,16,958000,624502,1582502,65.19%,88
Noreste,Coahuila Norte,Monclova,02/07/2026,16,302000,188000,490000,62.25%,35
Noreste,Coahuila Norte,Piedras Negras,02/07/2026,16,761000,435373,1196373,57.21%,88
Noreste,Digital San Luis,Cd Mante Digital,02/07/2026,16,100000,59935,159935,59.94%,11
Noreste,Digital San Luis,Cd Victoria Digital,02/07/2026,16,49000,25440,74440,51.92%,6
Noreste,Digital San Luis,San Luis Potosi Digital,02/07/2026,16,113000,75280,188280,66.62%,12
Noreste,Reynosa Digital,Matamoros Digital,02/07/2026,16,,,,,
Noreste,Reynosa Digital,Reynosa Digital,02/07/2026,16,,,,,
Noreste,Saltillo/Nuevo Leon,Cadereyta,02/07/2026,16,9826000,6809878,16635878,69.30%,1092
Noreste,Saltillo/Nuevo Leon,Linares,02/07/2026,16,22000,14559,36559,66.18%,2
Noreste,Saltillo/Nuevo Leon,Saltillo,02/07/2026,16,723000,488496,1211496,67.57%,84
Noreste,San Luis,Ciudad Valles,02/07/2026,16,541000,380991,921991,70.42%,69
Noreste,San Luis,Matehuala,02/07/2026,16,4336000,2885521,7221521,66.55%,439
Noreste,Tamaulipas,Altamira,02/07/2026,16,6094000,3996240,10090240,65.58%,557
Noreste,Tamaulipas,Tampico Norte,02/07/2026,16,4555000,2921840,7476840,64.15%,407
Noreste,Tampico,Tampico Centro,02/07/2026,16,3433000,2337226,5770226,68.08%,356
Noreste,Tampico,Tampico Madero,02/07/2026,16,7325000,4951737,12276737,67.60%,757
Pacifico,Digital Baja Sur,Loreto Digital,02/07/2026,16,128000,70528,198528,55.10%,15
Pacifico,Digital Baja Sur,Santa Rosalia Digital,02/07/2026,16,121000,66928,187928,55.31%,15
Pacifico,Digital Baja Sur,Vizcaino Digital,02/07/2026,16,14000,7840,21840,56.00%,2
Pacifico,Digital Sonora Norte 2,Cananea Digital,02/07/2026,16,182000,116800,298800,64.18%,19
Pacifico,Digital Sonora Norte 2,Imuris Digital,02/07/2026,16,939000,607560,1546560,64.70%,89
Pacifico,Digital Sonora Norte 2,Nogales,02/07/2026,16,5098000,3330481,8428481,65.33%,464
Pacifico,Digital Sonora Norte 2,Santa Ana Digital,02/07/2026,16,1885000,1220847,3105847,64.77%,172
Pacifico,La Paz 1,La Paz,02/07/2026,16,13564000,8792720,22356720,64.82%,1190
Pacifico,La Paz 1,La Paz 2,02/07/2026,16,11174000,7232400,18406400,64.73%,995
Pacifico,La Paz 2,Cd.Constitución,02/07/2026,16,6947000,4512281,11459281,64.95%,631
Pacifico,La Paz 2,La Paz 3,02/07/2026,16,3626000,2358640,5984640,65.05%,318
Pacifico,La Paz 2,La Paz 4,02/07/2026,16,,,,,
Pacifico,Los Cabos,Cabo San Lucas,02/07/2026,16,1198000,791920,1989920,66.10%,116
Pacifico,Los Cabos,San Jose Del Cabo,02/07/2026,16,869000,580800,1449800,66.84%,85
Pacifico,Mazatlan,La Cruz,02/07/2026,16,3597000,2426037,6023037,67.45%,363
Pacifico,Mazatlan,Mazatlán Centro,02/07/2026,16,5679000,3721112,9400112,65.52%,543
Pacifico,Mazatlan,Rosario,02/07/2026,16,1696000,1106178,2802178,65.22%,151
Pacifico,Obregon,Obregón Centro 1,02/07/2026,16,11040000,7132160,18172160,64.60%,1018
Pacifico,Obregon,Obregón Esperanza,02/07/2026,16,4815000,3111840,7926840,64.63%,439
Pacifico,Obregon,Obregón Perisur,02/07/2026,16,9679000,6213120,15892120,64.19%,892
Pacifico,Sinaloa Centro,Culiacán Centro,02/07/2026,16,9455000,6264000,15719000,66.25%,938
Pacifico,Sinaloa Centro,Culiacán San Isidro,02/07/2026,16,8664000,5607680,14271680,64.72%,781
Pacifico,Sinaloa Centro,Guamuchil,02/07/2026,16,4940000,3162800,8102800,64.02%,465
Pacifico,Sinaloa Sur 1,Costa Rica,02/07/2026,16,5717000,3702761,9419761,64.77%,519
Pacifico,Sinaloa Sur 1,El Dorado,02/07/2026,16,3552000,2298442,5850442,64.71%,323
Pacifico,Sinaloa Sur 1,Navolato,02/07/2026,16,5818000,3727120,9545120,64.06%,567
Pacifico,Sonora Centro,Empalme,02/07/2026,16,6182000,4041040,10223040,65.37%,554
Pacifico,Sonora Centro,Guaymas,02/07/2026,16,6862000,4446960,11308960,64.81%,620
Pacifico,Sonora Centro,Hermosillo,02/07/2026,16,9561000,6142800,15703800,64.25%,881
Pacifico,Sonora Centro,Hermosillo Digital,02/07/2026,16,,,,,
Pacifico,Sonora Norte 1,Caborca,02/07/2026,16,12228000,7911360,20139360,64.70%,1110
Pacifico,Sonora Norte 1,Magdalena,02/07/2026,16,10627000,6935652,17562652,65.26%,955
Pacifico,Sonora Sur,Huatabampo,02/07/2026,16,4275000,2705920,6980920,63.30%,401
Pacifico,Sonora Sur,Navojoa,02/07/2026,16,6583000,4186880,10769880,63.60%,625
Por Asignar,Por Asignar,Por Asignar,02/07/2026,16,1399000,967232,2366232,69.14%,179
Sureste,Digital Veracruz Norte,Huachinango Digital,02/07/2026,16,,,,,
Sureste,Digital Veracruz Norte,Martínez de la Torre Digital,02/07/2026,16,122000,77276,199276,63.34%,12
Sureste,Digital Veracruz Norte,Papantla Digital,02/07/2026,16,29000,16240,45240,56.00%,4
Sureste,Digital Veracruz Norte,Veracruz Digital,02/07/2026,16,10000,6848,16848,68.48%,1
Sureste,Tabasco Centro,Macuspana,02/07/2026,16,282000,182938,464938,64.87%,26
Sureste,Tabasco Centro,Teapa,02/07/2026,16,225000,142720,367720,63.43%,23
Sureste,Tabasco Centro,Villahermosa,02/07/2026,16,1546000,1032264,2578264,66.77%,151
Sureste,Tabasco Centro,Villahermosa 2,02/07/2026,16,998000,650080,1648080,65.14%,90
Sureste,Tabasco Norte,Cardenas,02/07/2026,16,3015000,1877760,4892760,62.28%,311
Sureste,Tabasco Norte,Cardenas 2,02/07/2026,16,826000,573266,1399266,69.40%,91
Sureste,Tabasco Norte,Comalcalco,02/07/2026,16,2015000,1304031,3319031,64.72%,191
Sureste,Tabasco Norte,Paraiso,02/07/2026,16,1239000,842315,2081315,67.98%,132
Sureste,Veracruz Centro,Cordoba,02/07/2026,16,2756000,1742119,4498119,63.21%,282
Sureste,Veracruz Centro,Orizaba,02/07/2026,16,4093000,2792026,6885026,68.21%,436
Sureste,Veracruz Norte,Poza Rica,02/07/2026,16,2486000,1608640,4094640,64.71%,220
Sureste,Veracruz Norte,Poza Rica 2,02/07/2026,16,736000,489089,1225089,66.45%,72
Sureste,Veracruz Norte,Tuxpan,02/07/2026,16,2515000,1664296,4179296,66.17%,248
Sureste,Veracruz Sur,Acayucan,02/07/2026,16,956000,623470,1579470,65.22%,86
Sureste,Veracruz Sur,Coatzacoalcos,02/07/2026,16,5223000,3349680,8572680,64.13%,477
Sureste,Veracruz Sur,Coatzacoalcos 2,02/07/2026,16,1604000,1146299,2750299,71.47%,193
Sureste,Veracruz Sur,Minatitlán,02/07/2026,16,1596000,1090446,2686446,68.32%,177
Sureste,Veracruz Sur,San Andres Tuxtla Digital,02/07/2026,16,,,,,
